{"multilingual_f1": 0.8018799710773681, "multilingual_precision": 0.7479345810150059, "multilingual_recall": 0.8642119618157024, "multilingual_acc": 0.828629505120788, "eng_f1": 0.9401315789473684, "eng_precision": 0.9279220779220779, "eng_recall": 0.9526666666666667, "eng_acc": 0.9393333333333334, "fin_f1": 0.8599250936329588, "fin_precision": 0.8355167394468704, "fin_recall": 0.8858024691358025, "fin_acc": 0.7635903919089759, "ger_f1": 0.5502877500685118, "ger_precision": 0.46395563770794823, "ger_recall": 0.6760942760942761, "ger_acc": 0.7265}